MCC,F1_Score,Precision,Recall,Accuracy,Overall_FPR,FPR_Transmembrane_Proteins,FPR_Non_Transmembrane_Proteins
0.818706261009917,0.8353909465020576,0.7546468401486989,0.9354838709677419,0.9595141700404858,0.03752131893121091,0.20994475138121546,0.017743979721166033
