Threshold,Test Precision,Test Recall,Test F1,Test MCC,Overall_FPR,FPR_Transmembrane_Proteins,FPR_Non_Transmembrane_Proteins
6.156303657644751,0.6356589147286822,0.7557603686635944,0.6905263157894737,0.6517438704637234,0.053439454235361,0.2558139534883721,0.04836829836829837
